canonical_name,address_road,cnt,phone,lat_fixed,lng_fixed
(주) 동승 JW메리어트 동대문 스퀘어 서울,서울특별시 종로구 청계천로 279 (종로6가),2,,,
(주)서울렉스호텔,서울특별시 중구 퇴계로10길 23 (회현동1가),2,,,
(주)아주호텔서교,서울특별시 마포구 양화로 130 (서교동),2,,,
(주)조선호텔앤리조트,서울특별시 중구 소공로 106 (소공동),2,,,
1996 종로인,"서울특별시 종로구 종로14길 19, 예지빌딩 3층 (관철동)",2,,,
247 HOSTEL SEOUL,"서울특별시 종로구 종로54길 32, 3~4층 (창신동)",2,,,
Alveolus(앨비어러스),서울특별시 마포구 희우정로16길 31 (망원동),2,,,
HELLO HOSTEL,"서울특별시 종로구 돈화문로 5-5, 한남빌딩 4,6층 (관수동)",2,,,
HI STAY JONGNO,"서울특별시 종로구 삼일대로17길 17, 3층 (관철동)",2,,,
Hostel STAY NOW,서울특별시 종로구 삼일대로32가길 38 (익선동),2,,,
ICON,서울특별시 종로구 삼일대로32가길 20 (익선동),2,,,
ICOS,서울특별시 마포구 고산3길 15 (노고산동),2,,,
JONGRO ALICE,서울특별시 종로구 삼일대로32길 46 (익선동),2,,,
MOK HOSTEL,"서울특별시 중구 명동4길 35, 5,6층 (명동2가)",2,,,
NEO SEOUL,서울특별시 마포구 동교로 142-13 (서교동),2,,,
SOUNDS INN GWANGHWAMUN,"서울특별시 종로구 새문안로9길 25, 3층 (당주동)",2,,,
THE EXTAY LOUNGE,"서울특별시 종로구 수표로 91, 다비치타워 4~7층 (관수동)",2,,,
U-STAY HOSTEL,"서울특별시 종로구 지봉로 24-12, 5층 (숭인동)",2,,,
VERANDA11,"서울특별시 종로구 숭인동길 1-3, 4층 (숭인동)",2,,,
고유리(Goyu;re),"서울특별시 종로구 종로36나길 10-1, 4층 (종로5가)",2,,,
골든(Golden) 신촌홍대점,"서울특별시 마포구 서강로20길 11, 2층 (노고산동)",2,,,
글루호텔,"서울특별시 종로구 율곡로 228, glue hotel (이화동)",2,,,
나애집,"서울특별시 종로구 삼일대로 391, 6층 (관철동)",2,,,
나인트리 바이 파르나스 서울 동대문,서울특별시 중구 을지로 224 (을지로5가),2,,,
나인트리 바이 파르나스 서울 인사동,서울특별시 종로구 인사동길 49 (관훈동),2,,,
남산파크호텔,서울특별시 중구 회현동2가 72-8번지,2,,,
노마드 스테이 인 홍대,"서울특별시 서대문구 명물길 6, 6-7층 (창천동)",2,,,
노보텔 앰배서더 서울 동대문 레지던스,서울특별시 중구 을지로 238 (을지로6가),2,,,
노보텔 앰배서더 서울 동대문 호텔,서울특별시 중구 을지로 238 (을지로6가),2,,,
노블관광호텔,서울특별시 종로구 율곡로6길 13-3 (운니동),2,,,
뉴국제호텔,서울특별시 중구 세종대로22길 12 (태평로1가),2,,,
더 센트럴 홍대,"서울특별시 마포구 양화로 124, 3층 (서교동)",2,,,
더도아스테이,"서울특별시 종로구 대학로 42-13, 2층 201호 (효제동)",2,,,
더집서울,"서울특별시 마포구 서강로 132, BS타워 4,7층 (노고산동)",2,,,
더프리마호텔 종로,"서울특별시 종로구 우정국로 46, 천마빌딩 (견지동)",2,,,
데이즈 호텔 명동,서울특별시 중구 퇴계로 107 (충무로1가),2,,,
도미인 익스프레스 서울 인사동,서울특별시 종로구 인사동길 20-9 (인사동),2,,,
동대문 스테이가든,"서울특별시 종로구 종로54길 9-9, 2층 (창신동)",2,,,
동대문인순,"서울특별시 종로구 종로 298, 5층 (창신동)",2,,,
동우 아트빌,"서울특별시 서대문구 신촌로1길 48, 201호 (창천동, 동우아트빌)",2,,,
라이즈호텔,서울특별시 마포구 양화로 130 (서교동),2,,,
라임하우스,"서울특별시 마포구 동교로17길 83, 1,2층 (성산동)",2,,,
레드스톤,서울특별시 마포구 동교로25길 68 (연남동),2,,,
로프트13,"서울특별시 마포구 서강로 132, BS타워 13층 (노고산동)",2,,,
루나하우스,"서울특별시 종로구 보문로1길 8, 루밍하우스코리아 1층 (숭인동)",2,,,
루미아호텔,서울특별시 종로구 난계로29길 19-11 (숭인동),2,,,
루프서울 연희점,"서울특별시 서대문구 동교로 294 (연희동, 루프서울 연희점)",2,,,
룩앤스테이,"서울특별시 마포구 월드컵북로2길 19, 8층 (동교동)",2,,,
르메르디앙 서울 명동,서울특별시 중구 명동8나길 38 (충무로1가),2,,,
먼슬리브 종로 종각역 호텔 스테이,"서울특별시 종로구 삼일대로15길 17, 금옥빌딩 3,8층 (관철동)",2,,,
메트로호텔,서울특별시 중구 명동9가길 14 (을지로2가),2,,,
목시 서울 명동,서울특별시 중구 명동8나길 38 (충무로1가),2,,,
목시 서울 인사동 호텔,서울특별시 종로구 돈화문로11길 37 (낙원동),2,,,
무드온 명동,"서울특별시 중구 명동8길 8-11, 3층 (명동2가)",2,,,
미로 게스트하우스,"서울특별시 마포구 동교로38길 27, 2층 (연남동)",2,,,
바운드 호스텔,서울특별시 종로구 돈화문로 85 (와룡동),2,,,
베스트웨스턴 종로(인사동),서울특별시 종로구 돈화문로11길 33 (낙원동),2,,,
베이튼호텔,서울특별시 중구 동호로 346 (오장동),2,,,
벨린스테이,"서울특별시 종로구 우정국로2길 31, 4층 (관철동)",2,,,
브라우니 게스트하우스,"서울특별시 마포구 양화로23길 24, 3층 (동교동)",2,,,
비아르떼,"서울특별시 마포구 신촌로4길 10, 2층 (동교동)",2,,,
비아르떼 서울,"서울특별시 마포구 신촌로4길 5-5, 1층 (동교동)",2,,,
빽팩커 미스터 씨 카오산 서울,"서울특별시 종로구 창경궁로 243-3, 1층 (명륜2가)",2,,,
상원여관,서울특별시 중구 산림동 76-2번지,2,,,
서서울관광호텔,서울특별시 마포구 합정동 381-17번지,2,,,
서울 라이트 인 명동,"서울특별시 중구 명동길 55, 11층 (명동1가)",2,,,
서울앤호텔 동대문,서울특별시 종로구 종로66가길 21 (숭인동),2,,,
서울프린스호텔,서울특별시 중구 퇴계로 130 (남산동2가),2,,,
성지여관,서울특별시 중구 회현동1가 86-1번지,2,,,
소담온 종로,"서울특별시 종로구 돈화문로9길 6, 4층 (돈의동)",2,,,
소테츠호텔즈 더 스프라지르 서울 동대문,서울특별시 중구 장충단로 226 (광희동2가),2,,,
소테츠호텔즈 더 스프라지르 서울 명동,서울특별시 중구 남대문로5길 15 (북창동),2,,,
수레지던스,"서울특별시 종로구 삼일대로17길 46, 신양빌딩 4,5층 (관철동)",2,,,
스테이 도손 동대문점,"서울특별시 종로구 종로 248-1, 2층 (종로5가)",2,,,
스테이 마루 종로,"서울특별시 종로구 종로12길 14, BK종로 6층 (관철동)",2,,,
스테이 봄,"서울특별시 종로구 율곡로22길 12-14, 7층 (충신동)",2,,,
스테이 뷔,"서울특별시 종로구 종로12길 14, BK종로 5층 (관철동)",2,,,
스테이 종로 온당,서울특별시 종로구 율곡로 110-16 (권농동),2,,,
스테이 한가온 명동,서울특별시 중구 세종대로2가길 40 (남대문로5가),2,,,
스테이누아 종로,"서울특별시 종로구 대학로1길 34-11, 영지빌딩 4층 (연지동)",2,,,
스테이모드,서울특별시 중구 수표로 10 (충무로3가),2,,,
스테이울림,"서울특별시 종로구 종로 62-1, 4층 (종로2가)",2,,,
스테이플랜비,"서울특별시 마포구 서강로 133, 신촌병우빌딩 5,7층 (노고산동)",2,,,
스튜디오 밀루 종로광화문점,"서울특별시 종로구 종로5길 32-5, 삼선빌딩 4층 (청진동)",2,,,
슬로우온 호스텔,"서울특별시 마포구 양화로 118, 5층 (서교동)",2,,,
신촌라싸 관광호텔,서울특별시 서대문구 연세로2가길 3 (창천동),2,,,
아름호스텔,"서울특별시 종로구 율곡로4길 11-3, 1층 (견지동)",2,,,
아스토리아호텔,서울특별시 중구 퇴계로 176 (남학동),2,,,
아이비씨호텔,서울특별시 종로구 난계로 241 (숭인동),2,,,
안한스테이 동묘,"서울특별시 종로구 종로57길 7, 안한스테이 동묘 (숭인동)",2,,,
앰배서더 서울 풀만 호텔,서울특별시 중구 동호로 287 (장충동2가),2,,,
언플러그 안국,서울특별시 종로구 율곡로10길 11 (권농동),2,,,
에스엘호텔,서울특별시 중구 삼일대로4길 9 (충무로2가),2,,,
에이치에비뉴 호텔 이대점,서울특별시 마포구 신촌로 152 (노고산동),2,,,
엠제이호텔,"서울특별시 종로구 삼일대로32가길 15, 이레빌딩 1~7층 (익선동)",2,,,
연경당,"서울특별시 종로구 율곡로22길 12-14, 4층 (충신동)",2,,,
예성 게스트하우스,"서울특별시 마포구 월드컵로7길 60, 지층 101호 (합정동)",2,,,
온코리아 스테이,"서울특별시 종로구 율곡로 230-13, 온코리아 스테이 (충신동)",2,,,
올스테이인,서울특별시 중구 퇴계로 159-8 (충무로2가),2,,,
이비스 스타일 앰배서더 서울 명동,서울특별시 중구 삼일대로 302 (충무로2가),2,,,
이스트 아뜰리에,서울특별시 종로구 창경궁로 123-20 (인의동),2,,,
이온호텔,"서울특별시 종로구 종로 313-6, 금강빌딩 (창신동)",2,,,
이화블로섬하우스,"서울특별시 서대문구 이화여대1안길 13, 2~8층 (대현동)",2,,,
일신,서울특별시 마포구 신수동 85-69번지,2,,,
장춘여관,서울특별시 중구 회현동1가 29-2번지,2,,,
정화여인숙,서울특별시 마포구 노고산동 54-36번지,2,,,
제일,서울특별시 중구 주교동 89-0번지,2,,,
종로하루,"서울특별시 종로구 창경궁로21가길 5-3, 종로하루 (원남동)",2,,,
주니비노호텔,"서울특별시 마포구 양화진2길 31, 주니비노 호텔 (합정동)",2,,,
케이그랜드호텔 DDP,"서울특별시 중구 마장로 11, 신한빌딩 3층 (신당동)",2,,,
케이호스텔,서울특별시 마포구 서강로 19 (신정동),2,,,
코코스테이,"서울특별시 마포구 신촌로12나길 32, 2층 (노고산동)",2,,,
클래식 아파트먼트 익선,"서울특별시 종로구 돈화문로 92, 고려빌딩 2~5층 (와룡동)",2,,,
클레오,서울특별시 마포구 연희로 27 (동교동),2,,,
킹콩게스트하우스,"서울특별시 마포구 독막로9길 37-4, 1,2층 (서교동)",2,,,
트레블로지 명동 남산,서울특별시 중구 수표로 16 (충무로3가),2,,,
퍼시픽호텔,서울특별시 중구 퇴계로20길 2 (남산동2가),2,,,
편안정 종로5가점,"서울특별시 종로구 종로 248-1, 5층 (종로5가)",2,,,
프레지던트호텔,서울특별시 중구 을지로 16 (을지로1가),2,,,
플라자호텔,서울특별시 중구 소공로 119 (태평로2가),2,,,
하우스 사라,"서울특별시 중구 퇴계로68길 10, 2~3층 (광희동2가)",2,,,
하우스다 종각,"서울특별시 종로구 삼일대로 391, 5층 (관철동)",2,,,
하이메이트 동대문,"서울특별시 중구 을지로 280-2, FIN TOWER 9~10층 (을지로7가)",2,,,
해치 스테이,"서울특별시 중구 남대문로7길 33, 7층 (소공동)",2,,,
헤이븐 스테이 종로,"서울특별시 종로구 종로5길 32-5, 삼선빌딩 6층 (청진동)",2,,,
호스텔 메가 동대문역,"서울특별시 종로구 종로46길 22, 임진빌딩 2층 (창신동)",2,,,
호스텔 소우재,"서울특별시 중구 퇴계로87길 32, 2층 (황학동)",2,,,
호텔 그레이스리 서울,서울특별시 중구 세종대로12길 12 (남대문로4가),2,,,
호텔 다다-인사,서울특별시 종로구 삼일대로32가길 33 (익선동),2,,,
호텔 더 디자이너스 동대문,서울특별시 중구 퇴계로 306 (쌍림동),2,,,
호텔 아트리움,"서울특별시 종로구 창경궁로 106, 호텔아트리움 (인의동)",2,,,
호텔 토마스 명동,"서울특별시 중구 세종대로16길 26, 호텔 토마스 명동 (북창동)",2,,,
호텔베뉴지,서울특별시 종로구 청계천로 117 (관수동),2,,,
호텔신라,서울특별시 중구 동호로 249 (장충동2가),2,,,
홍대 온기,"서울특별시 마포구 양화로 118, 4층 (서교동)",2,,,
화영호스텔,서울특별시 서대문구 신촌로 157 (대현동),2,,,
,,80,02   00000,,
,,2,02  21241122,,
,,2,02  22647888,,
,,2,02  323 9220,,
,,2,02  37897115,,
,,2,02  69009387,,
,,2,02  69261500,,
,,2,02  745 1986,,
,,2,02  756 1500,,
,,2,02  777 5621,,
,,2,02 3125141,,
,,2,02 3128523,,
,,2,02 3721972,,
,,2,02 3732251,,
,,2,02 7150042,,
,,2,02 7165858,,
,,2,02 7199060,,
,,2,02 7413831,,
,,2,02 7421278,,
,,2,02 7426066,,
,,2,02 7442299,,
,,2,02 7539433,,
,,2,02 7556101,,
,,2,02 7635235,,
,,2,02 7650441,,
,,2,02 7654481,,
,,3,02 7662121,,
,,2,02 7797941,,
,,2,02-318-2323,,
,,2,02-745-3930,,
,,2,02-752-2300,,
,,64,0200000000,,
,,2,0203240835,,
,,2,0207194318,,
,,2,0215336240,,
,,2,0222661151,,
,,2,0222677712,,
,,2,0222726186,,
,,2,0222742651,,
,,5,0222757790,,
,,2,0222760611,,
,,2,0222856784,,
,,2,0234258000,,
,,2,0263101050,,
,,2,0263490781,,
,,2,070-7516-5565,,
,,2,070-8879-0317,,
,,2,2020-4040,,
,,2,22346148,,
,,2,22526944,,
,,2,3425-8050,,
,,2,7530407,,
,,3,,37.5361,126.9425
,,2,,37.5367,126.9460
,,2,,37.5372,126.9414
,,2,,37.5407,126.9455
,,3,,37.5411,126.9513
,,2,,37.5417,126.9500
,,2,,37.5418,126.9454
,,2,,37.5429,126.9468
,,2,,37.5430,126.9483
,,2,,37.5449,126.9477
,,3,,37.5452,126.9271
,,2,,37.5460,126.9196
,,2,,37.5464,126.9158
,,4,,37.5466,126.9139
,,2,,37.5470,126.9117
,,2,,37.5475,126.9112
,,3,,37.5479,126.9079
,,3,,37.5483,126.9196
,,2,,37.5488,126.9213
,,2,,37.5489,126.9079
,,2,,37.5489,126.9361
,,2,,37.5491,126.9062
,,3,,37.5491,126.9143
,,2,,37.5491,127.0043
,,2,,37.5493,126.9147
,,2,,37.5494,126.9042
,,3,,37.5498,126.9130
,,3,,37.5498,126.9189
,,5,,37.5501,126.9175
,,3,,37.5501,126.9176
,,2,,37.5503,126.9070
,,2,,37.5503,126.9150
,,2,,37.5506,127.0001
,,2,,37.5508,126.9062
,,2,,37.5519,126.9147
,,3,,37.5519,127.0032
,,2,,37.5523,126.9153
,,2,,37.5523,126.9155
,,2,,37.5525,126.9257
,,2,,37.5527,126.9236
,,2,,37.5527,126.9334
,,2,,37.5528,126.9204
,,2,,37.5528,126.9334
,,3,,37.5529,126.9203
,,3,,37.5530,126.9058
,,2,,37.5530,126.9112
,,3,,37.5530,126.9332
,,2,,37.5531,126.9331
,,2,,37.5532,126.9333
,,2,,37.5533,126.9169
,,2,,37.5533,126.9331
,,2,,37.5533,126.9335
,,3,,37.5534,126.9323
,,2,,37.5535,126.9321
,,2,,37.5535,126.9325
,,4,,37.5536,126.9111
,,2,,37.5536,126.9140
,,2,,37.5536,126.9322
,,2,,37.5536,126.9357
,,3,,37.5537,126.9225
,,2,,37.5537,127.0078
,,2,,37.5538,126.9000
,,4,,37.5538,126.9173
,,2,,37.5538,126.9177
,,2,,37.5539,126.9152
,,4,,37.5539,126.9325
,,2,,37.5539,126.9327
,,3,,37.5539,126.9329
,,2,,37.5539,126.9332
,,3,,37.5539,126.9336
,,3,,37.5540,126.9219
,,2,,37.5540,126.9330
,,2,,37.5542,126.9284
,,2,,37.5542,126.9313
,,3,,37.5543,126.9161
,,2,,37.5543,126.9180
,,5,,37.5543,126.9232
,,2,,37.5543,126.9721
,,4,,37.5544,126.9184
,,2,,37.5544,126.9324
,,2,,37.5545,126.9113
,,2,,37.5545,126.9284
,,2,,37.5545,126.9325
,,2,,37.5546,126.9152
,,2,,37.5546,126.9234
,,3,,37.5546,126.9327
,,2,,37.5546,126.9358
,,2,,37.5547,126.9007
,,3,,37.5548,126.9248
,,2,,37.5548,126.9322
,,2,,37.5548,126.9323
,,2,,37.5549,126.9145
,,2,,37.5549,126.9242
,,2,,37.5549,126.9252
,,2,,37.5549,126.9308
,,2,,37.5549,126.9314
,,2,,37.5550,126.9210
,,2,,37.5550,126.9243
,,4,,37.5550,126.9280
,,4,,37.5551,126.9260
,,2,,37.5552,126.9239
,,2,,37.5553,126.9195
,,2,,37.5553,126.9252
,,2,,37.5553,126.9293
,,2,,37.5553,126.9726
,,4,,37.5554,126.9239
,,2,,37.5554,126.9245
,,4,,37.5554,126.9260
,,2,,37.5554,126.9271
,,2,,37.5555,126.9175
,,2,,37.5555,126.9215
,,2,,37.5555,127.0036
,,5,,37.5556,126.9227
,,2,,37.5556,126.9228
,,2,,37.5556,126.9268
,,2,,37.5557,126.9187
,,4,,37.5557,126.9222
,,3,,37.5557,126.9267
,,2,,37.5558,126.9221
,,3,,37.5558,126.9250
,,2,,37.5558,126.9779
,,4,,37.5559,126.9161
,,2,,37.5559,126.9250
,,5,,37.5559,126.9258
,,2,,37.5559,126.9277
,,3,,37.5559,126.9641
,,2,,37.5560,126.9256
,,2,,37.5561,126.9135
,,3,,37.5561,126.9164
,,3,,37.5561,126.9272
,,2,,37.5561,126.9344
,,3,,37.5561,126.9347
,,2,,37.5562,126.9159
,,2,,37.5562,126.9229
,,2,,37.5562,126.9257
,,2,,37.5562,126.9274
,,2,,37.5562,126.9278
,,2,,37.5562,126.9397
,,2,,37.5562,127.0112
,,2,,37.5563,126.9139
,,4,,37.5563,126.9242
,,4,,37.5563,126.9252
,,2,,37.5563,126.9351
,,2,,37.5563,126.9765
,,2,,37.5563,127.0059
,,2,,37.5564,126.9150
,,5,,37.5564,126.9190
,,2,,37.5564,126.9250
,,2,,37.5564,126.9274
,,3,,37.5564,126.9351
,,2,,37.5564,126.9365
,,2,,37.5564,126.9366
,,3,,37.5564,126.9920
,,4,,37.5565,126.9244
,,4,,37.5565,126.9274
,,2,,37.5565,126.9354
,,2,,37.5565,126.9368
,,3,,37.5565,126.9903
,,3,,37.5566,126.9348
,,5,,37.5567,126.9261
,,5,,37.5567,126.9267
,,2,,37.5567,126.9352
,,3,,37.5568,126.9184
,,3,,37.5568,126.9235
,,3,,37.5568,126.9262
,,2,,37.5568,126.9369
,,2,,37.5568,126.9743
,,3,,37.5568,126.9796
,,2,,37.5568,127.0031
,,2,,37.5569,126.9396
,,4,,37.5569,126.9405
,,2,,37.5569,126.9407
,,4,,37.5569,126.9796
,,2,,37.5570,126.9238
,,2,,37.5570,126.9257
,,2,,37.5570,126.9356
,,2,,37.5570,126.9387
,,2,,37.5571,126.9329
,,2,,37.5571,126.9720
,,3,,37.5571,126.9800
,,2,,37.5572,126.9157
,,8,,37.5572,126.9296
,,3,,37.5572,126.9647
,,3,,37.5572,126.9756
,,2,,37.5573,126.9261
,,2,,37.5573,126.9294
,,4,,37.5573,126.9345
,,2,,37.5573,126.9405
,,2,,37.5573,126.9814
,,2,,37.5573,126.9825
,,2,,37.5574,126.9172
,,4,,37.5574,126.9249
,,3,,37.5574,126.9266
,,2,,37.5574,126.9397
,,2,,37.5574,126.9819
,,3,,37.5574,126.9823
,,2,,37.5575,126.9179
,,3,,37.5575,126.9189
,,2,,37.5575,126.9247
,,2,,37.5575,126.9255
,,3,,37.5575,126.9293
,,2,,37.5575,126.9297
,,2,,37.5575,126.9299
,,2,,37.5575,126.9386
,,2,,37.5575,126.9390
,,2,,37.5575,126.9414
,,2,,37.5575,126.9646
,,5,,37.5575,126.9812
,,4,,37.5576,126.9255
,,2,,37.5576,126.9260
,,2,,37.5576,126.9261
,,2,,37.5576,126.9396
,,2,,37.5576,126.9779
,,3,,37.5576,126.9823
,,5,,37.5576,126.9828
,,2,,37.5577,126.9259
,,4,,37.5577,126.9286
,,2,,37.5578,126.9249
,,2,,37.5578,126.9758
,,2,,37.5578,126.9772
,,2,,37.5578,126.9808
,,2,,37.5578,126.9811
,,3,,37.5578,126.9815
,,2,,37.5579,126.9348
,,2,,37.5579,126.9413
,,2,,37.5579,126.9650
,,2,,37.5579,126.9822
,,2,,37.5580,126.9218
,,2,,37.5580,126.9769
,,2,,37.5580,126.9772
,,3,,37.5580,126.9819
,,2,,37.5580,126.9820
,,2,,37.5581,126.9624
,,8,,37.5581,126.9807
,,3,,37.5581,126.9817
,,3,,37.5581,126.9819
,,8,,37.5582,126.9269
,,2,,37.5582,126.9301
,,2,,37.5582,126.9728
,,2,,37.5582,126.9773
,,2,,37.5582,126.9780
,,3,,37.5582,126.9810
,,2,,37.5582,126.9839
,,3,,37.5583,126.9194
,,11,,37.5583,126.9276
,,9,,37.5583,126.9384
,,2,,37.5583,126.9388
,,2,,37.5583,126.9808
,,11,,37.5583,126.9813
,,2,,37.5583,126.9821
,,2,,37.5583,126.9829
,,2,,37.5583,126.9837
,,3,,37.5584,126.9111
,,2,,37.5584,126.9177
,,3,,37.5584,126.9819
,,3,,37.5584,126.9821
,,4,,37.5584,126.9822
,,3,,37.5585,126.9168
,,2,,37.5585,126.9217
,,2,,37.5585,126.9717
,,4,,37.5585,126.9758
,,3,,37.5585,126.9832
,,4,,37.5585,126.9838
,,2,,37.5585,126.9855
,,3,,37.5586,126.9214
,,4,,37.5586,126.9268
,,5,,37.5586,126.9270
,,2,,37.5586,126.9272
,,2,,37.5586,126.9608
,,2,,37.5586,126.9771
,,2,,37.5586,126.9819
,,2,,37.5586,126.9822
,,4,,37.5586,126.9839
,,2,,37.5586,126.9995
,,2,,37.5587,126.9306
,,2,,37.5587,126.9781
,,2,,37.5587,126.9826
,,4,,37.5587,126.9838
,,2,,37.5588,126.9164
,,5,,37.5588,126.9250
,,2,,37.5588,126.9271
,,2,,37.5588,126.9660
,,12,,37.5588,126.9824
,,3,,37.5588,126.9833
,,3,,37.5588,126.9835
,,2,,37.5588,126.9986
,,2,,37.5589,126.9188
,,2,,37.5589,126.9214
,,5,,37.5589,126.9228
,,2,,37.5589,126.9811
,,3,,37.5589,126.9820
,,3,,37.5589,126.9837
,,4,,37.5590,126.9189
,,2,,37.5590,126.9220
,,2,,37.5590,126.9229
,,3,,37.5590,126.9277
,,4,,37.5590,126.9826
,,3,,37.5590,126.9836
,,3,,37.5590,126.9896
,,2,,37.5591,126.9188
,,4,,37.5591,126.9191
,,3,,37.5591,126.9264
,,2,,37.5591,126.9821
,,2,,37.5591,126.9837
,,3,,37.5591,126.9838
,,3,,37.5592,126.9196
,,2,,37.5592,126.9225
,,5,,37.5592,126.9811
,,2,,37.5592,126.9821
,,2,,37.5593,126.9154
,,2,,37.5593,126.9177
,,4,,37.5593,126.9216
,,4,,37.5593,126.9823
,,3,,37.5593,126.9833
,,2,,37.5594,126.9760
,,2,,37.5594,126.9811
,,2,,37.5594,126.9931
,,2,,37.5595,126.9152
,,2,,37.5595,126.9206
,,2,,37.5595,126.9219
,,2,,37.5595,126.9222
,,2,,37.5595,126.9225
,,2,,37.5595,126.9231
,,2,,37.5595,126.9833
,,12,,37.5596,126.9156
,,5,,37.5596,126.9205
,,3,,37.5596,126.9258
,,4,,37.5596,126.9264
,,2,,37.5596,126.9271
,,2,,37.5596,126.9276
,,2,,37.5596,126.9810
,,2,,37.5596,126.9816
,,2,,37.5596,126.9818
,,2,,37.5597,126.9213
,,2,,37.5597,126.9826
,,2,,37.5598,126.9170
,,4,,37.5598,126.9222
,,3,,37.5598,126.9260
,,3,,37.5599,126.9268
,,2,,37.5599,126.9766
,,3,,37.5600,126.9193
,,2,,37.5600,126.9220
,,2,,37.5600,126.9230
,,5,,37.5600,126.9256
,,4,,37.5600,126.9265
,,2,,37.5600,126.9271
,,2,,37.5600,127.0020
,,2,,37.5601,126.9186
,,2,,37.5601,126.9188
,,2,,37.5601,126.9224
,,7,,37.5601,126.9251
,,2,,37.5601,126.9884
,,3,,37.5602,126.9173
,,4,,37.5602,126.9176
,,2,,37.5602,126.9191
,,3,,37.5602,126.9264
,,7,,37.5602,126.9692
,,2,,37.5602,126.9828
,,2,,37.5602,126.9995
,,2,,37.5603,126.9259
,,2,,37.5603,126.9271
,,2,,37.5603,126.9808
,,2,,37.5603,126.9947
,,2,,37.5604,126.9196
,,5,,37.5604,126.9229
,,6,,37.5604,126.9249
,,4,,37.5605,126.9186
,,3,,37.5605,126.9196
,,2,,37.5605,126.9219
,,2,,37.5605,126.9222
,,2,,37.5605,126.9269
,,3,,37.5605,126.9876
,,2,,37.5606,126.9153
,,2,,37.5606,126.9182
,,3,,37.5606,126.9183
,,3,,37.5606,126.9197
,,3,,37.5606,126.9229
,,2,,37.5606,126.9839
,,3,,37.5606,127.0053
,,2,,37.5607,126.9144
,,4,,37.5607,126.9184
,,10,,37.5607,126.9187
,,2,,37.5607,126.9834
,,2,,37.5608,126.9223
,,3,,37.5608,126.9228
,,9,,37.5608,126.9621
,,3,,37.5608,126.9766
,,4,,37.5608,126.9884
,,2,,37.5609,126.9275
,,2,,37.5610,126.9182
,,2,,37.5610,126.9186
,,2,,37.5610,126.9624
,,2,,37.5610,126.9807
,,2,,37.5611,126.9195
,,2,,37.5611,126.9218
,,2,,37.5611,126.9795
,,5,,37.5611,126.9816
,,2,,37.5612,126.9192
,,4,,37.5612,126.9212
,,2,,37.5612,126.9740
,,2,,37.5612,126.9922
,,4,,37.5613,126.9160
,,9,,37.5613,126.9165
,,2,,37.5613,126.9186
,,3,,37.5613,126.9227
,,2,,37.5613,126.9584
,,2,,37.5613,126.9845
,,2,,37.5613,126.9929
,,2,,37.5614,126.9165
,,2,,37.5614,126.9182
,,2,,37.5614,126.9184
,,2,,37.5614,126.9224
,,3,,37.5614,126.9238
,,2,,37.5614,126.9735
,,2,,37.5614,126.9748
,,2,,37.5614,126.9841
,,3,,37.5615,126.9192
,,4,,37.5615,126.9228
,,2,,37.5615,126.9851
,,3,,37.5615,126.9900
,,6,,37.5616,126.9222
,,4,,37.5616,126.9224
,,4,,37.5616,126.9225
,,3,,37.5616,126.9228
,,2,,37.5616,126.9741
,,2,,37.5616,126.9831
,,2,,37.5616,126.9871
,,2,,37.5616,126.9893
,,2,,37.5616,127.0068
,,3,,37.5617,126.9227
,,4,,37.5617,126.9798
,,2,,37.5617,126.9814
,,2,,37.5617,126.9843
,,2,,37.5617,126.9851
,,2,,37.5617,126.9865
,,2,,37.5617,126.9870
,,3,,37.5618,126.9171
,,3,,37.5618,126.9228
,,2,,37.5618,126.9825
,,2,,37.5618,126.9900
,,2,,37.5619,126.9152
,,3,,37.5619,126.9188
,,2,,37.5619,126.9222
,,2,,37.5619,126.9232
,,6,,37.5619,126.9911
,,3,,37.5619,127.0023
,,2,,37.5620,126.9210
,,3,,37.5620,126.9848
,,2,,37.5620,126.9851
,,2,,37.5620,126.9852
,,4,,37.5620,126.9854
,,3,,37.5620,126.9856
,,4,,37.5621,126.9235
,,3,,37.5621,126.9751
,,3,,37.5621,126.9812
,,2,,37.5622,126.9249
,,3,,37.5622,126.9812
,,3,,37.5622,126.9869
,,2,,37.5622,126.9877
,,2,,37.5622,126.9880
,,2,,37.5622,127.0040
,,2,,37.5623,126.9205
,,2,,37.5623,126.9256
,,2,,37.5623,126.9758
,,2,,37.5623,126.9760
,,2,,37.5623,126.9790
,,2,,37.5623,127.0063
,,2,,37.5623,127.0149
,,2,,37.5624,126.9218
,,2,,37.5624,126.9744
,,2,,37.5624,126.9747
,,2,,37.5624,126.9760
,,2,,37.5624,126.9829
,,4,,37.5624,126.9930
,,2,,37.5625,126.9201
,,2,,37.5625,126.9210
,,2,,37.5625,126.9220
,,2,,37.5625,126.9235
,,2,,37.5625,126.9242
,,2,,37.5625,126.9823
,,2,,37.5625,126.9893
,,2,,37.5626,126.9219
,,4,,37.5626,126.9230
,,2,,37.5626,126.9670
,,2,,37.5626,126.9868
,,2,,37.5626,126.9879
,,2,,37.5626,126.9897
,,3,,37.5626,126.9907
,,2,,37.5626,126.9916
,,2,,37.5626,126.9962
,,2,,37.5627,126.9743
,,3,,37.5628,126.9218
,,2,,37.5628,126.9869
,,2,,37.5628,127.0054
,,2,,37.5629,126.9828
,,3,,37.5629,126.9894
,,3,,37.5629,126.9946
,,4,,37.5630,126.9215
,,2,,37.5630,126.9275
,,2,,37.5630,126.9577
,,3,,37.5630,126.9793
,,2,,37.5631,126.9211
,,2,,37.5631,126.9755
,,2,,37.5631,127.0027
,,3,,37.5632,126.9220
,,2,,37.5632,126.9752
,,2,,37.5632,126.9811
,,2,,37.5632,126.9829
,,2,,37.5633,126.9899
,,2,,37.5634,126.9876
,,5,,37.5634,126.9905
,,2,,37.5635,126.9215
,,2,,37.5635,127.0064
,,2,,37.5636,127.0057
,,3,,37.5636,127.0068
,,2,,37.5637,126.9160
,,2,,37.5637,126.9821
,,2,,37.5637,127.0028
,,2,,37.5637,127.0039
,,5,,37.5637,127.0059
,,2,,37.5637,127.0069
,,2,,37.5638,126.9219
,,2,,37.5638,126.9725
,,3,,37.5638,126.9771
,,4,,37.5638,126.9779
,,3,,37.5638,126.9985
,,2,,37.5638,127.0012
,,2,,37.5638,127.0044
,,3,,37.5638,127.0069
,,2,,37.5638,127.0115
,,3,,37.5639,126.9172
,,2,,37.5639,126.9727
,,2,,37.5639,126.9979
,,2,,37.5639,126.9987
,,3,,37.5640,126.9106
,,3,,37.5640,127.0062
,,2,,37.5640,127.0065
,,4,,37.5640,127.0069
,,2,,37.5640,127.0075
,,2,,37.5640,127.0117
,,2,,37.5641,126.9895
,,2,,37.5641,126.9970
,,2,,37.5641,126.9977
,,4,,37.5641,127.0055
,,2,,37.5641,127.0058
,,2,,37.5641,127.0124
,,2,,37.5642,126.9513
,,2,,37.5642,126.9802
,,6,,37.5642,126.9825
,,2,,37.5642,126.9904
,,2,,37.5642,126.9958
,,2,,37.5642,126.9992
,,2,,37.5642,127.0066
,,2,,37.5643,126.9522
,,2,,37.5643,126.9828
,,2,,37.5643,126.9880
,,2,,37.5643,127.0067
,,2,,37.5644,126.9772
,,2,,37.5644,126.9811
,,2,,37.5644,126.9911
,,2,,37.5645,127.0050
,,2,,37.5645,127.0052
,,2,,37.5645,127.0088
,,2,,37.5646,126.9221
,,2,,37.5646,126.9798
,,2,,37.5646,126.9803
,,2,,37.5646,126.9823
,,2,,37.5646,127.0016
,,2,,37.5646,127.0047
,,2,,37.5647,126.9734
,,2,,37.5647,126.9750
,,2,,37.5647,126.9810
,,2,,37.5647,127.0049
,,2,,37.5647,127.0061
,,2,,37.5647,127.0230
,,2,,37.5648,126.9782
,,3,,37.5648,126.9816
,,2,,37.5648,126.9928
,,2,,37.5648,126.9993
,,2,,37.5648,127.0062
,,2,,37.5648,127.0069
,,2,,37.5648,127.0155
,,2,,37.5649,126.9822
,,2,,37.5649,127.0041
,,2,,37.5650,126.9248
,,2,,37.5650,126.9895
,,3,,37.5650,126.9992
,,2,,37.5651,126.9808
,,2,,37.5651,127.0065
,,2,,37.5652,126.9187
,,2,,37.5652,126.9639
,,2,,37.5652,127.0040
,,2,,37.5652,127.0062
,,2,,37.5652,127.0066
,,2,,37.5653,126.9998
,,2,,37.5653,127.0162
,,2,,37.5654,127.0003
,,2,,37.5654,127.0059
,,6,,37.5654,127.0062
,,2,,37.5655,126.9182
,,2,,37.5656,126.9765
,,2,,37.5656,126.9865
,,2,,37.5656,126.9998
,,2,,37.5659,127.0005
,,2,,37.5659,127.0130
,,2,,37.5660,126.9902
,,4,,37.5660,126.9997
,,2,,37.5661,126.9906
,,2,,37.5661,127.0165
,,2,,37.5662,126.9062
,,2,,37.5662,126.9911
,,2,,37.5662,126.9934
,,2,,37.5662,126.9991
,,4,,37.5663,127.0015
,,2,,37.5664,126.9990
,,2,,37.5664,127.0158
,,2,,37.5665,126.9239
,,2,,37.5665,126.9998
,,3,,37.5665,127.0037
,,2,,37.5666,126.9865
,,2,,37.5666,127.0000
,,2,,37.5666,127.0198
,,2,,37.5667,126.9204
,,2,,37.5667,126.9872
,,2,,37.5667,127.0185
,,2,,37.5668,126.9197
,,2,,37.5669,126.9852
,,2,,37.5669,126.9921
,,4,,37.5669,126.9947
,,4,,37.5669,127.0153
,,2,,37.5669,127.0182
,,2,,37.5670,126.9885
,,2,,37.5672,126.9974
,,2,,37.5674,126.9990
,,2,,37.5674,127.0046
,,3,,37.5675,126.9925
,,4,,37.5677,126.9782
,,4,,37.5679,126.9283
,,3,,37.5679,126.9566
,,2,,37.5680,126.9753
,,3,,37.5681,126.9942
,,2,,37.5681,126.9954
,,4,,37.5683,126.9738
,,2,,37.5684,126.9960
,,2,,37.5685,126.9855
,,2,,37.5685,127.0085
,,2,,37.5686,126.9953
,,4,,37.5686,127.0048
,,2,,37.5687,126.9259
,,2,,37.5687,126.9837
,,2,,37.5687,126.9857
,,2,,37.5687,126.9879
,,2,,37.5688,126.9900
,,2,,37.5690,126.9814
,,2,,37.5690,126.9830
,,3,,37.5690,126.9891
,,2,,37.5690,126.9983
,,2,,37.5691,126.9818
,,2,,37.5691,126.9821
,,3,,37.5691,126.9831
,,2,,37.5691,126.9836
,,3,,37.5691,126.9842
,,2,,37.5691,126.9881
,,2,,37.5692,126.9573
,,2,,37.5692,127.0202
,,2,,37.5693,126.9134
,,2,,37.5693,126.9224
,,3,,37.5693,126.9817
,,2,,37.5693,126.9821
,,2,,37.5693,126.9827
,,2,,37.5693,126.9843
,,3,,37.5694,126.9812
,,5,,37.5694,126.9827
,,2,,37.5694,126.9864
,,4,,37.5694,126.9870
,,2,,37.5695,126.9812
,,4,,37.5695,126.9845
,,2,,37.5697,126.9566
,,2,,37.5697,126.9820
,,2,,37.5698,126.9845
,,3,,37.5698,127.0197
,,2,,37.5699,126.9815
,,2,,37.5701,127.0002
,,2,,37.5701,127.0016
,,2,,37.5701,127.0078
,,5,,37.5701,127.0091
,,4,,37.5701,127.0105
,,2,,37.5701,127.0126
,,2,,37.5701,127.0155
,,2,,37.5701,127.0179
,,2,,37.5702,126.9118
,,2,,37.5704,127.0060
,,2,,37.5704,127.0085
,,2,,37.5706,126.9824
,,2,,37.5706,126.9834
,,2,,37.5706,126.9967
,,2,,37.5706,127.0007
,,2,,37.5706,127.0111
,,4,,37.5707,127.0073
,,2,,37.5707,127.0074
,,2,,37.5708,126.9725
,,4,,37.5709,127.0024
,,2,,37.5709,127.0110
,,3,,37.5710,126.9868
,,2,,37.5710,126.9875
,,2,,37.5712,126.9869
,,2,,37.5713,126.9726
,,2,,37.5713,126.9867
,,2,,37.5713,126.9869
,,2,,37.5713,126.9871
,,2,,37.5713,127.0008
,,3,,37.5713,127.0078
,,2,,37.5715,126.9872
,,4,,37.5715,127.0081
,,2,,37.5716,127.0050
,,3,,37.5717,126.9999
,,2,,37.5718,126.9872
,,6,,37.5719,126.9780
,,3,,37.5719,126.9952
,,2,,37.5719,127.0116
,,2,,37.5720,126.9867
,,3,,37.5720,126.9884
,,2,,37.5720,127.0048
,,2,,37.5722,126.9666
,,2,,37.5722,126.9867
,,2,,37.5722,127.0114
,,2,,37.5723,126.9855
,,3,,37.5723,126.9865
,,2,,37.5723,126.9868
,,2,,37.5723,126.9881
,,2,,37.5723,126.9976
,,2,,37.5724,126.9843
,,3,,37.5724,126.9867
,,2,,37.5724,127.0096
,,2,,37.5725,127.0099
,,2,,37.5725,127.0134
,,2,,37.5726,126.9664
,,2,,37.5726,126.9681
,,2,,37.5726,126.9813
,,2,,37.5727,126.9782
,,2,,37.5728,126.9856
,,2,,37.5728,127.0105
,,8,,37.5729,126.9660
,,3,,37.5729,126.9893
,,2,,37.5730,126.9677
,,3,,37.5730,126.9844
,,3,,37.5730,127.0170
,,4,,37.5731,126.9806
,,2,,37.5731,126.9819
,,3,,37.5731,126.9858
,,8,,37.5732,127.0166
,,2,,37.5733,126.9658
,,2,,37.5733,126.9858
,,2,,37.5733,127.0165
,,3,,37.5733,127.0179
,,2,,37.5733,127.0200
,,4,,37.5735,126.9886
,,3,,37.5736,126.9584
,,2,,37.5736,127.0139
,,4,,37.5737,126.9938
,,2,,37.5737,127.0182
,,2,,37.5738,127.0180
,,3,,37.5738,127.0194
,,2,,37.5739,127.0187
,,2,,37.5740,127.0170
,,3,,37.5742,127.0143
,,2,,37.5743,126.9252
,,2,,37.5744,126.9883
,,4,,37.5745,126.9868
,,2,,37.5746,126.9809
,,2,,37.5746,126.9866
,,2,,37.5746,126.9875
,,2,,37.5746,126.9997
,,3,,37.5746,127.0135
,,2,,37.5748,126.9860
,,2,,37.5748,126.9884
,,4,,37.5748,127.0019
,,3,,37.5748,127.0145
,,2,,37.5750,126.9793
,,2,,37.5750,126.9814
,,2,,37.5750,126.9860
,,2,,37.5750,126.9866
,,3,,37.5750,126.9937
,,4,,37.5750,127.0183
,,4,,37.5752,126.9865
,,2,,37.5752,126.9987
,,3,,37.5752,127.0033
,,2,,37.5752,127.0176
,,2,,37.5754,127.0013
,,2,,37.5754,127.0173
,,2,,37.5755,126.9214
,,2,,37.5755,126.9866
,,2,,37.5756,126.9954
,,2,,37.5757,126.9959
,,2,,37.5758,126.9935
,,2,,37.5758,126.9939
,,2,,37.5758,127.0011
,,2,,37.5760,127.0162
,,2,,37.5761,126.9874
,,2,,37.5762,127.0139
,,2,,37.5763,127.0198
,,2,,37.5764,127.0194
,,2,,37.5765,126.9103
,,2,,37.5765,126.9972
,,2,,37.5765,127.0061
,,2,,37.5766,126.9029
,,2,,37.5766,126.9876
,,2,,37.5767,126.9868
,,2,,37.5768,127.0158
,,2,,37.5769,126.9884
,,5,,37.5769,127.0160
,,2,,37.5770,126.9883
,,3,,37.5771,127.0021
,,3,,37.5771,127.0115
,,2,,37.5773,127.0077
,,2,,37.5775,127.0107
,,4,,37.5777,126.9640
,,5,,37.5778,126.9318
,,2,,37.5780,127.0081
,,3,,37.5783,126.9655
,,2,,37.5790,126.9670
,,3,,37.5790,126.9707
,,2,,37.5790,126.9978
,,2,,37.5791,126.9679
,,2,,37.5793,127.0035
,,2,,37.5794,127.0036
,,2,,37.5797,126.9671
,,4,,37.5798,126.9625
,,3,,37.5799,126.9040
,,2,,37.5800,126.9645
,,3,,37.5801,127.0033
,,3,,37.5803,127.0031
,,2,,37.5804,126.9636
,,2,,37.5804,127.0139
,,2,,37.5811,127.0024
,,5,,37.5812,126.9133
,,2,,37.5814,126.9860
,,6,,37.5818,126.9613
,,2,,37.5818,126.9979
,,2,,37.5820,126.9950
,,2,,37.5821,126.9791
,,2,,37.5823,126.8838
,,7,,37.5824,126.9672
,,2,,37.5826,126.9971
,,2,,37.5827,126.9838
,,3,,37.5828,126.9855
,,3,,37.5831,126.9948
,,2,,37.5833,126.9459
,,2,,37.5835,126.9639
,,4,,37.5835,126.9960
,,2,,37.5840,126.9962
,,4,,37.5840,127.0028
,,3,,37.5841,127.0021
,,3,,37.5842,126.9099
,,3,,37.5842,126.9960
,,2,,37.5844,126.9669
,,2,,37.5846,126.9797
,,3,,37.5846,126.9926
,,4,,37.5863,126.9665
,,2,,37.5873,126.9337
,,2,,37.5875,126.9785
,,3,,37.5876,126.9930
,,2,,37.5881,126.9944
,,2,,37.5892,126.9324
,,2,,37.5892,126.9947
,,2,,37.5892,126.9989
,,2,,37.5896,126.9931
,,2,,37.5916,126.9578
,,2,,37.5988,126.9565
,,2,,37.6094,126.9722
,,2,,37.6106,126.9747
